-- dim_date: 30 dates (Jan-Feb 2024)
INSERT INTO dim_date VALUES
(20240101,'2024-01-01','Monday',1,1,'January','Q1',2024,false),
(20240102,'2024-01-02','Tuesday',2,1,'January','Q1',2024,false),
(20240103,'2024-01-03','Wednesday',3,1,'January','Q1',2024,false),
(20240104,'2024-01-04','Thursday',4,1,'January','Q1',2024,false),
(20240105,'2024-01-05','Friday',5,1,'January','Q1',2024,false),
(20240106,'2024-01-06','Saturday',6,1,'January','Q1',2024,true),
(20240107,'2024-01-07','Sunday',7,1,'January','Q1',2024,true),
(20240108,'2024-01-08','Monday',8,1,'January','Q1',2024,false),
(20240109,'2024-01-09','Tuesday',9,1,'January','Q1',2024,false),
(20240110,'2024-01-10','Wednesday',10,1,'January','Q1',2024,false),
(20240111,'2024-01-11','Thursday',11,1,'January','Q1',2024,false),
(20240112,'2024-01-12','Friday',12,1,'January','Q1',2024,false),
(20240113,'2024-01-13','Saturday',13,1,'January','Q1',2024,true),
(20240114,'2024-01-14','Sunday',14,1,'January','Q1',2024,true),
(20240115,'2024-01-15','Monday',15,1,'January','Q1',2024,false),
(20240116,'2024-01-16','Tuesday',16,1,'January','Q1',2024,false),
(20240117,'2024-01-17','Wednesday',17,1,'January','Q1',2024,false),
(20240118,'2024-01-18','Thursday',18,1,'January','Q1',2024,false),
(20240119,'2024-01-19','Friday',19,1,'January','Q1',2024,false),
(20240120,'2024-01-20','Saturday',20,1,'January','Q1',2024,true),
(20240121,'2024-01-21','Sunday',21,1,'January','Q1',2024,true),
(20240201,'2024-02-01','Thursday',1,2,'February','Q1',2024,false),
(20240202,'2024-02-02','Friday',2,2,'February','Q1',2024,false),
(20240203,'2024-02-03','Saturday',3,2,'February','Q1',2024,true),
(20240204,'2024-02-04','Sunday',4,2,'February','Q1',2024,true),
(20240205,'2024-02-05','Monday',5,2,'February','Q1',2024,false),
(20240206,'2024-02-06','Tuesday',6,2,'February','Q1',2024,false),
(20240207,'2024-02-07','Wednesday',7,2,'February','Q1',2024,false),
(20240208,'2024-02-08','Thursday',8,2,'February','Q1',2024,false),
(20240209,'2024-02-09','Friday',9,2,'February','Q1',2024,false),
(20240210,'2024-02-10','Saturday',10,2,'February','Q1',2024,true);

-- dim_product: 15 products across 3 categories
INSERT INTO dim_product (product_id, product_name, category, subcategory, unit_price) VALUES
('ELEC001','Samsung Galaxy S21','Electronics','Mobile',69999),
('ELEC002','iPhone 13','Electronics','Mobile',79999),
('ELEC003','Dell XPS 13','Electronics','Laptop',99999),
('ELEC004','HP Pavilion','Electronics','Laptop',74999),
('ELEC005','Sony Bravia 55"','Electronics','TV',49999),
('APP001','Levi Jeans','Apparel','Jeans',2999),
('APP002','Nike T-Shirt','Apparel','T-Shirt',1999),
('APP003','Puma Shoes','Apparel','Footwear',4999),
('APP004','Adidas Jacket','Apparel','Jacket',3999),
('HOME001','Philips Mixer','Home Appliances','Mixer',3499),
('HOME002','Prestige Pressure Cooker','Home Appliances','Cooker',2499),
('HOME003','LG Refrigerator','Home Appliances','Fridge',45999),
('HOME004','IFB Washing Machine','Home Appliances','Washing Machine',39999),
('HOME005','Bajaj Air Cooler','Home Appliances','Cooler',8999);

-- dim_customer: 12 customers across 4 cities
INSERT INTO dim_customer (customer_id, customer_name, city, state, customer_segment) VALUES
('CUST001','John Doe','Mumbai','Maharashtra','Retail'),
('CUST002','Jane Smith','Delhi','Delhi','Retail'),
('CUST003','Robert Brown','Bengaluru','Karnataka','Corporate'),
('CUST004','Emily Davis','Chennai','Tamil Nadu','Retail'),
('CUST005','Michael Lee','Mumbai','Maharashtra','Corporate'),
('CUST006','Sophia Wilson','Delhi','Delhi','Retail'),
('CUST007','David Kim','Bengaluru','Karnataka','Retail'),
('CUST008','Olivia Martinez','Chennai','Tamil Nadu','Corporate'),
('CUST009','Daniel Garcia','Mumbai','Maharashtra','Retail'),
('CUST010','Emma Thomas','Delhi','Delhi','Corporate'),
('CUST011','James Anderson','Bengaluru','Karnataka','Retail'),
('CUST012','Isabella White','Chennai','Tamil Nadu','Retail');

-- fact_sales: 40 transactions (realistic distribution)
INSERT INTO fact_sales (date_key, product_key, customer_key, quantity_sold, unit_price, discount_amount, total_amount) VALUES
(20240101,1,1,1,69999,0,69999),
(20240102,2,2,1,79999,5000,74999),
(20240103,3,3,2,99999,10000,189998),
(20240104,4,4,1,74999,0,74999),
(20240105,5,5,1,49999,0,49999),
(20240106,1,6,2,69999,0,139998),
(20240107,2,7,1,79999,0,79999),
(20240108,3,8,1,99999,5000,94999),
(20240109,4,9,1,74999,0,74999),
(20240110,5,10,3,49999,2000,139997),
(20240111,6,11,2,2999,0,5998),
(20240112,7,12,1,1999,0,1999),
(20240113,8,1,2,4999,0,9998),
(20240114,9,2,1,3999,0,3999),
(20240115,10,3,1,3499,0,3499),
(20240116,11,4,1,2499,0,2499),
(20240117,12,5,1,45999,5000,40999),
(20240118,13,6,1,39999,0,39999),
(20240119,14,7,2,8999,0,17998),
(20240120,15,8,1,8999,0,8999),
(20240201,1,9,1,69999,0,69999),
(20240202,2,10,1,79999,0,79999),
(20240203,3,11,1,99999,0,99999),
(20240204,4,12,2,74999,0,149998),
(20240205,5,1,1,49999,0,49999),
(20240206,6,2,2,2999,0,5998),
(20240207,7,3,1,1999,0,1999),
(20240208,8,4,1,4999,0,4999),
(20240209,9,5,1,3999,0,3999),
(20240210,10,6,1,3499,0,3499),
(20240106,1,7,1,69999,0,69999),
(20240107,2,8,1,79999,5000,74999),
(20240113,3,9,2,99999,0,199998),
(20240114,4,10,1,74999,0,74999),
(20240120,5,11,1,49999,0,49999),
(20240203,1,12,1,69999,0,69999),
(20240204,2,1,2,79999,0,159998),
(20240210,3,2,1,99999,0,99999),
(20240201,4,3,1,74999,0,74999),
(20240202,5,4,2,49999,0,99998),
(20240205,6,5,1,2999,0,2999),
(20240206,7,6,1,1999,0,1999),
(20240209,8,7,1,4999,0,4999);
